ItemTable,nameTextId,descTextId,useDescTextId,number,weaponType,attributes,pStatBonuses,pEffectiveness,maxUses,might,hit,weight,crit,encodedRange,costPerUse,weaponRank,iconId,useEffectId,weaponEffectId,weaponExp,unk21,unk22,unk23
0x809B10_0xCD,16_h,16_h,16_h,8_h,8_h,32_h,32_p,32_p,8_d,8_d,8_d,8_d,8_d,8_h,16_d,8_d,8_h,8_h,8_h,8_d,8_h,8_h,8_h
Nothing,0x0,0x0,0x0,0x0,0x0,0x0,0x0,0x0,0,0,0,0,0,0x0,0,0,0x0,0x0,0x0,0,0x0,0x0,0x0
Iron Sword,0x0,0x0,0x0,0x0,0x0,0x0,0x0,0x0,0,0,0,0,0,0x0,0,0,0x0,0x0,0x0,0,0x0,0x0,0x0
Slim Sword,0x0,0x0,0x0,0x0,0x0,0x0,0x0,0x0,0,0,0,0,0,0x0,0,0,0x0,0x0,0x0,0,0x0,0x0,0x0
Steel Sword,0x0,0x0,0x0,0x0,0x0,0x0,0x0,0x0,0,0,0,0,0,0x0,0,0,0x0,0x0,0x0,0,0x0,0x0,0x0
Silver Sword,0x0,0x0,0x0,0x0,0x0,0x0,0x0,0x0,0,0,0,0,0,0x0,0,0,0x0,0x0,0x0,0,0x0,0x0,0x0
Iron Blade,0x0,0x0,0x0,0x0,0x0,0x0,0x0,0x0,0,0,0,0,0,0x0,0,0,0x0,0x0,0x0,0,0x0,0x0,0x0
Steel Blade,0x0,0x0,0x0,0x0,0x0,0x0,0x0,0x0,0,0,0,0,0,0x0,0,0,0x0,0x0,0x0,0,0x0,0x0,0x0
Silver Blade,0x0,0x0,0x0,0x0,0x0,0x0,0x0,0x0,0,0,0,0,0,0x0,0,0,0x0,0x0,0x0,0,0x0,0x0,0x0
Poison Sword,0x0,0x0,0x0,0x0,0x0,0x0,0x0,0x0,0,0,0,0,0,0x0,0,0,0x0,0x0,0x0,0,0x0,0x0,0x0
Rapier,0x0,0x0,0x0,0x0,0x0,0x0,0x0,0x0,0,0,0,0,0,0x0,0,0,0x0,0x0,0x0,0,0x0,0x0,0x0
Mani Katti (DUMMY),0x0,0x0,0x0,0x0,0x0,0x0,0x0,0x0,0,0,0,0,0,0x0,0,0,0x0,0x0,0x0,0,0x0,0x0,0x0
Brave Sword,0x0,0x0,0x0,0x0,0x0,0x0,0x0,0x0,0,0,0,0,0,0x0,0,0,0x0,0x0,0x0,0,0x0,0x0,0x0
Shamshir,0x0,0x0,0x0,0x0,0x0,0x0,0x0,0x0,0,0,0,0,0,0x0,0,0,0x0,0x0,0x0,0,0x0,0x0,0x0
Killing Edge,0x0,0x0,0x0,0x0,0x0,0x0,0x0,0x0,0,0,0,0,0,0x0,0,0,0x0,0x0,0x0,0,0x0,0x0,0x0
Armorslayer,0x0,0x0,0x0,0x0,0x0,0x0,0x0,0x0,0,0,0,0,0,0x0,0,0,0x0,0x0,0x0,0,0x0,0x0,0x0
Wyrmslayer,0x0,0x0,0x0,0x0,0x0,0x0,0x0,0x0,0,0,0,0,0,0x0,0,0,0x0,0x0,0x0,0,0x0,0x0,0x0
Light Brand,0x0,0x0,0x0,0x0,0x0,0x0,0x0,0x0,0,0,0,0,0,0x0,0,0,0x0,0x0,0x0,0,0x0,0x0,0x0
Runesword,0x0,0x0,0x0,0x0,0x0,0x0,0x0,0x0,0,0,0,0,0,0x0,0,0,0x0,0x0,0x0,0,0x0,0x0,0x0
Lancereaver,0x0,0x0,0x0,0x0,0x0,0x0,0x0,0x0,0,0,0,0,0,0x0,0,0,0x0,0x0,0x0,0,0x0,0x0,0x0
Zanbato,0x0,0x0,0x0,0x0,0x0,0x0,0x0,0x0,0,0,0,0,0,0x0,0,0,0x0,0x0,0x0,0,0x0,0x0,0x0
Iron Lance,0x0,0x0,0x0,0x0,0x0,0x0,0x0,0x0,0,0,0,0,0,0x0,0,0,0x0,0x0,0x0,0,0x0,0x0,0x0
Slim Lance,0x0,0x0,0x0,0x0,0x0,0x0,0x0,0x0,0,0,0,0,0,0x0,0,0,0x0,0x0,0x0,0,0x0,0x0,0x0
Steel Lance,0x0,0x0,0x0,0x0,0x0,0x0,0x0,0x0,0,0,0,0,0,0x0,0,0,0x0,0x0,0x0,0,0x0,0x0,0x0
Silver Lance,0x0,0x0,0x0,0x0,0x0,0x0,0x0,0x0,0,0,0,0,0,0x0,0,0,0x0,0x0,0x0,0,0x0,0x0,0x0
Toxin Lance,0x0,0x0,0x0,0x0,0x0,0x0,0x0,0x0,0,0,0,0,0,0x0,0,0,0x0,0x0,0x0,0,0x0,0x0,0x0
Brave Lance,0x0,0x0,0x0,0x0,0x0,0x0,0x0,0x0,0,0,0,0,0,0x0,0,0,0x0,0x0,0x0,0,0x0,0x0,0x0
Killer Lance,0x0,0x0,0x0,0x0,0x0,0x0,0x0,0x0,0,0,0,0,0,0x0,0,0,0x0,0x0,0x0,0,0x0,0x0,0x0
Horseslayer,0x0,0x0,0x0,0x0,0x0,0x0,0x0,0x0,0,0,0,0,0,0x0,0,0,0x0,0x0,0x0,0,0x0,0x0,0x0
Javelin,0x0,0x0,0x0,0x0,0x0,0x0,0x0,0x0,0,0,0,0,0,0x0,0,0,0x0,0x0,0x0,0,0x0,0x0,0x0
Spear,0x0,0x0,0x0,0x0,0x0,0x0,0x0,0x0,0,0,0,0,0,0x0,0,0,0x0,0x0,0x0,0,0x0,0x0,0x0
Axereaver,0x0,0x0,0x0,0x0,0x0,0x0,0x0,0x0,0,0,0,0,0,0x0,0,0,0x0,0x0,0x0,0,0x0,0x0,0x0
Iron Axe,0x0,0x0,0x0,0x0,0x0,0x0,0x0,0x0,0,0,0,0,0,0x0,0,0,0x0,0x0,0x0,0,0x0,0x0,0x0
Steel Axe,0x0,0x0,0x0,0x0,0x0,0x0,0x0,0x0,0,0,0,0,0,0x0,0,0,0x0,0x0,0x0,0,0x0,0x0,0x0
Silver Axe,0x0,0x0,0x0,0x0,0x0,0x0,0x0,0x0,0,0,0,0,0,0x0,0,0,0x0,0x0,0x0,0,0x0,0x0,0x0
Poison Axe,0x0,0x0,0x0,0x0,0x0,0x0,0x0,0x0,0,0,0,0,0,0x0,0,0,0x0,0x0,0x0,0,0x0,0x0,0x0
Brave Axe,0x0,0x0,0x0,0x0,0x0,0x0,0x0,0x0,0,0,0,0,0,0x0,0,0,0x0,0x0,0x0,0,0x0,0x0,0x0
Killer Axe,0x0,0x0,0x0,0x0,0x0,0x0,0x0,0x0,0,0,0,0,0,0x0,0,0,0x0,0x0,0x0,0,0x0,0x0,0x0
Halberd,0x0,0x0,0x0,0x0,0x0,0x0,0x0,0x0,0,0,0,0,0,0x0,0,0,0x0,0x0,0x0,0,0x0,0x0,0x0
Hammer,0x0,0x0,0x0,0x0,0x0,0x0,0x0,0x0,0,0,0,0,0,0x0,0,0,0x0,0x0,0x0,0,0x0,0x0,0x0
Devil Axe,0x0,0x0,0x0,0x0,0x0,0x0,0x0,0x0,0,0,0,0,0,0x0,0,0,0x0,0x0,0x0,0,0x0,0x0,0x0
Hand Axe,0x0,0x0,0x0,0x0,0x0,0x0,0x0,0x0,0,0,0,0,0,0x0,0,0,0x0,0x0,0x0,0,0x0,0x0,0x0
Tomahawk,0x0,0x0,0x0,0x0,0x0,0x0,0x0,0x0,0,0,0,0,0,0x0,0,0,0x0,0x0,0x0,0,0x0,0x0,0x0
Swordreaver,0x0,0x0,0x0,0x0,0x0,0x0,0x0,0x0,0,0,0,0,0,0x0,0,0,0x0,0x0,0x0,0,0x0,0x0,0x0
Swordslayer,0x0,0x0,0x0,0x0,0x0,0x0,0x0,0x0,0,0,0,0,0,0x0,0,0,0x0,0x0,0x0,0,0x0,0x0,0x0
Hatchet,0x0,0x0,0x0,0x0,0x0,0x0,0x0,0x0,0,0,0,0,0,0x0,0,0,0x0,0x0,0x0,0,0x0,0x0,0x0
Iron Bow,0x0,0x0,0x0,0x0,0x0,0x0,0x0,0x0,0,0,0,0,0,0x0,0,0,0x0,0x0,0x0,0,0x0,0x0,0x0
Steel Bow,0x0,0x0,0x0,0x0,0x0,0x0,0x0,0x0,0,0,0,0,0,0x0,0,0,0x0,0x0,0x0,0,0x0,0x0,0x0
Silver Bow,0x0,0x0,0x0,0x0,0x0,0x0,0x0,0x0,0,0,0,0,0,0x0,0,0,0x0,0x0,0x0,0,0x0,0x0,0x0
Poison Bow,0x0,0x0,0x0,0x0,0x0,0x0,0x0,0x0,0,0,0,0,0,0x0,0,0,0x0,0x0,0x0,0,0x0,0x0,0x0
Killer Bow,0x0,0x0,0x0,0x0,0x0,0x0,0x0,0x0,0,0,0,0,0,0x0,0,0,0x0,0x0,0x0,0,0x0,0x0,0x0
Brave Bow,0x0,0x0,0x0,0x0,0x0,0x0,0x0,0x0,0,0,0,0,0,0x0,0,0,0x0,0x0,0x0,0,0x0,0x0,0x0
Short Bow,0x0,0x0,0x0,0x0,0x0,0x0,0x0,0x0,0,0,0,0,0,0x0,0,0,0x0,0x0,0x0,0,0x0,0x0,0x0
Longbow,0x0,0x0,0x0,0x0,0x0,0x0,0x0,0x0,0,0,0,0,0,0x0,0,0,0x0,0x0,0x0,0,0x0,0x0,0x0
Ballista,0x0,0x0,0x0,0x0,0x0,0x0,0x0,0x0,0,0,0,0,0,0x0,0,0,0x0,0x0,0x0,0,0x0,0x0,0x0
Iron Ballista,0x0,0x0,0x0,0x0,0x0,0x0,0x0,0x0,0,0,0,0,0,0x0,0,0,0x0,0x0,0x0,0,0x0,0x0,0x0
Killer Ballista,0x0,0x0,0x0,0x0,0x0,0x0,0x0,0x0,0,0,0,0,0,0x0,0,0,0x0,0x0,0x0,0,0x0,0x0,0x0
Fire,0x0,0x0,0x0,0x0,0x0,0x0,0x0,0x0,0,0,0,0,0,0x0,0,0,0x0,0x0,0x0,0,0x0,0x0,0x0
Thunder,0x0,0x0,0x0,0x0,0x0,0x0,0x0,0x0,0,0,0,0,0,0x0,0,0,0x0,0x0,0x0,0,0x0,0x0,0x0
Elfire,0x0,0x0,0x0,0x0,0x0,0x0,0x0,0x0,0,0,0,0,0,0x0,0,0,0x0,0x0,0x0,0,0x0,0x0,0x0
Bolting,0x0,0x0,0x0,0x0,0x0,0x0,0x0,0x0,0,0,0,0,0,0x0,0,0,0x0,0x0,0x0,0,0x0,0x0,0x0
Fimbulvetr,0x0,0x0,0x0,0x0,0x0,0x0,0x0,0x0,0,0,0,0,0,0x0,0,0,0x0,0x0,0x0,0,0x0,0x0,0x0
Forblaze (DUMMY),0x0,0x0,0x0,0x0,0x0,0x0,0x0,0x0,0,0,0,0,0,0x0,0,0,0x0,0x0,0x0,0,0x0,0x0,0x0
Excalibur,0x0,0x0,0x0,0x0,0x0,0x0,0x0,0x0,0,0,0,0,0,0x0,0,0,0x0,0x0,0x0,0,0x0,0x0,0x0
Lightning,0x0,0x0,0x0,0x0,0x0,0x0,0x0,0x0,0,0,0,0,0,0x0,0,0,0x0,0x0,0x0,0,0x0,0x0,0x0
Shine,0x0,0x0,0x0,0x0,0x0,0x0,0x0,0x0,0,0,0,0,0,0x0,0,0,0x0,0x0,0x0,0,0x0,0x0,0x0
Divine,0x0,0x0,0x0,0x0,0x0,0x0,0x0,0x0,0,0,0,0,0,0x0,0,0,0x0,0x0,0x0,0,0x0,0x0,0x0
Purge,0x0,0x0,0x0,0x0,0x0,0x0,0x0,0x0,0,0,0,0,0,0x0,0,0,0x0,0x0,0x0,0,0x0,0x0,0x0
Aura,0x0,0x0,0x0,0x0,0x0,0x0,0x0,0x0,0,0,0,0,0,0x0,0,0,0x0,0x0,0x0,0,0x0,0x0,0x0
Luce (DUMMY),0x0,0x0,0x0,0x0,0x0,0x0,0x0,0x0,0,0,0,0,0,0x0,0,0,0x0,0x0,0x0,0,0x0,0x0,0x0
Flux,0x0,0x0,0x0,0x0,0x0,0x0,0x0,0x0,0,0,0,0,0,0x0,0,0,0x0,0x0,0x0,0,0x0,0x0,0x0
Luna,0x0,0x0,0x0,0x0,0x0,0x0,0x0,0x0,0,0,0,0,0,0x0,0,0,0x0,0x0,0x0,0,0x0,0x0,0x0
Nosferatu,0x0,0x0,0x0,0x0,0x0,0x0,0x0,0x0,0,0,0,0,0,0x0,0,0,0x0,0x0,0x0,0,0x0,0x0,0x0
Eclipse,0x0,0x0,0x0,0x0,0x0,0x0,0x0,0x0,0,0,0,0,0,0x0,0,0,0x0,0x0,0x0,0,0x0,0x0,0x0
Fenrir,0x0,0x0,0x0,0x0,0x0,0x0,0x0,0x0,0,0,0,0,0,0x0,0,0,0x0,0x0,0x0,0,0x0,0x0,0x0
Gleipnir,0x0,0x0,0x0,0x0,0x0,0x0,0x0,0x0,0,0,0,0,0,0x0,0,0,0x0,0x0,0x0,0,0x0,0x0,0x0
Heal,0x0,0x0,0x0,0x0,0x0,0x0,0x0,0x0,0,0,0,0,0,0x0,0,0,0x0,0x0,0x0,0,0x0,0x0,0x0
Mend,0x0,0x0,0x0,0x0,0x0,0x0,0x0,0x0,0,0,0,0,0,0x0,0,0,0x0,0x0,0x0,0,0x0,0x0,0x0
Recover,0x0,0x0,0x0,0x0,0x0,0x0,0x0,0x0,0,0,0,0,0,0x0,0,0,0x0,0x0,0x0,0,0x0,0x0,0x0
Physic,0x0,0x0,0x0,0x0,0x0,0x0,0x0,0x0,0,0,0,0,0,0x0,0,0,0x0,0x0,0x0,0,0x0,0x0,0x0
Fortify,0x0,0x0,0x0,0x0,0x0,0x0,0x0,0x0,0,0,0,0,0,0x0,0,0,0x0,0x0,0x0,0,0x0,0x0,0x0
Restore,0x0,0x0,0x0,0x0,0x0,0x0,0x0,0x0,0,0,0,0,0,0x0,0,0,0x0,0x0,0x0,0,0x0,0x0,0x0
Silence,0x0,0x0,0x0,0x0,0x0,0x0,0x0,0x0,0,0,0,0,0,0x0,0,0,0x0,0x0,0x0,0,0x0,0x0,0x0
Sleep,0x0,0x0,0x0,0x0,0x0,0x0,0x0,0x0,0,0,0,0,0,0x0,0,0,0x0,0x0,0x0,0,0x0,0x0,0x0
Berserk,0x0,0x0,0x0,0x0,0x0,0x0,0x0,0x0,0,0,0,0,0,0x0,0,0,0x0,0x0,0x0,0,0x0,0x0,0x0
Warp,0x0,0x0,0x0,0x0,0x0,0x0,0x0,0x0,0,0,0,0,0,0x0,0,0,0x0,0x0,0x0,0,0x0,0x0,0x0
Rescue,0x0,0x0,0x0,0x0,0x0,0x0,0x0,0x0,0,0,0,0,0,0x0,0,0,0x0,0x0,0x0,0,0x0,0x0,0x0
Torch,0x0,0x0,0x0,0x0,0x0,0x0,0x0,0x0,0,0,0,0,0,0x0,0,0,0x0,0x0,0x0,0,0x0,0x0,0x0
Hammerne,0x0,0x0,0x0,0x0,0x0,0x0,0x0,0x0,0,0,0,0,0,0x0,0,0,0x0,0x0,0x0,0,0x0,0x0,0x0
Unlock,0x0,0x0,0x0,0x0,0x0,0x0,0x0,0x0,0,0,0,0,0,0x0,0,0,0x0,0x0,0x0,0,0x0,0x0,0x0
Barrier,0x0,0x0,0x0,0x0,0x0,0x0,0x0,0x0,0,0,0,0,0,0x0,0,0,0x0,0x0,0x0,0,0x0,0x0,0x0
Dragon Axe,0x0,0x0,0x0,0x0,0x0,0x0,0x0,0x0,0,0,0,0,0,0x0,0,0,0x0,0x0,0x0,0,0x0,0x0,0x0
Angelic Robe,0x0,0x0,0x0,0x0,0x0,0x0,0x0,0x0,0,0,0,0,0,0x0,0,0,0x0,0x0,0x0,0,0x0,0x0,0x0
Energy Ring,0x0,0x0,0x0,0x0,0x0,0x0,0x0,0x0,0,0,0,0,0,0x0,0,0,0x0,0x0,0x0,0,0x0,0x0,0x0
Secret Book,0x0,0x0,0x0,0x0,0x0,0x0,0x0,0x0,0,0,0,0,0,0x0,0,0,0x0,0x0,0x0,0,0x0,0x0,0x0
Speedwings,0x0,0x0,0x0,0x0,0x0,0x0,0x0,0x0,0,0,0,0,0,0x0,0,0,0x0,0x0,0x0,0,0x0,0x0,0x0
Goddess Icon,0x0,0x0,0x0,0x0,0x0,0x0,0x0,0x0,0,0,0,0,0,0x0,0,0,0x0,0x0,0x0,0,0x0,0x0,0x0
Dragonshield,0x0,0x0,0x0,0x0,0x0,0x0,0x0,0x0,0,0,0,0,0,0x0,0,0,0x0,0x0,0x0,0,0x0,0x0,0x0
Talisman,0x0,0x0,0x0,0x0,0x0,0x0,0x0,0x0,0,0,0,0,0,0x0,0,0,0x0,0x0,0x0,0,0x0,0x0,0x0
Swiftsoles,0x0,0x0,0x0,0x0,0x0,0x0,0x0,0x0,0,0,0,0,0,0x0,0,0,0x0,0x0,0x0,0,0x0,0x0,0x0
Body Ring,0x0,0x0,0x0,0x0,0x0,0x0,0x0,0x0,0,0,0,0,0,0x0,0,0,0x0,0x0,0x0,0,0x0,0x0,0x0
Hero Crest,0x0,0x0,0x0,0x0,0x0,0x0,0x0,0x0,0,0,0,0,0,0x0,0,0,0x0,0x0,0x0,0,0x0,0x0,0x0
Knight Crest,0x0,0x0,0x0,0x0,0x0,0x0,0x0,0x0,0,0,0,0,0,0x0,0,0,0x0,0x0,0x0,0,0x0,0x0,0x0
Orion's Bolt,0x0,0x0,0x0,0x0,0x0,0x0,0x0,0x0,0,0,0,0,0,0x0,0,0,0x0,0x0,0x0,0,0x0,0x0,0x0
Elysian Whip,0x0,0x0,0x0,0x0,0x0,0x0,0x0,0x0,0,0,0,0,0,0x0,0,0,0x0,0x0,0x0,0,0x0,0x0,0x0
Guiding Ring,0x0,0x0,0x0,0x0,0x0,0x0,0x0,0x0,0,0,0,0,0,0x0,0,0,0x0,0x0,0x0,0,0x0,0x0,0x0
Chest Key,0x0,0x0,0x0,0x0,0x0,0x0,0x0,0x0,0,0,0,0,0,0x0,0,0,0x0,0x0,0x0,0,0x0,0x0,0x0
Door Key,0x0,0x0,0x0,0x0,0x0,0x0,0x0,0x0,0,0,0,0,0,0x0,0,0,0x0,0x0,0x0,0,0x0,0x0,0x0
Lockpick,0x0,0x0,0x0,0x0,0x0,0x0,0x0,0x0,0,0,0,0,0,0x0,0,0,0x0,0x0,0x0,0,0x0,0x0,0x0
Vulnerary,0x0,0x0,0x0,0x0,0x0,0x0,0x0,0x0,0,0,0,0,0,0x0,0,0,0x0,0x0,0x0,0,0x0,0x0,0x0
Elixir,0x0,0x0,0x0,0x0,0x0,0x0,0x0,0x0,0,0,0,0,0,0x0,0,0,0x0,0x0,0x0,0,0x0,0x0,0x0
Pure Water,0x0,0x0,0x0,0x0,0x0,0x0,0x0,0x0,0,0,0,0,0,0x0,0,0,0x0,0x0,0x0,0,0x0,0x0,0x0
Antitoxin,0x0,0x0,0x0,0x0,0x0,0x0,0x0,0x0,0,0,0,0,0,0x0,0,0,0x0,0x0,0x0,0,0x0,0x0,0x0
Torch,0x0,0x0,0x0,0x0,0x0,0x0,0x0,0x0,0,0,0,0,0,0x0,0,0,0x0,0x0,0x0,0,0x0,0x0,0x0
Filli Shield,0x0,0x0,0x0,0x0,0x0,0x0,0x0,0x0,0,0,0,0,0,0x0,0,0,0x0,0x0,0x0,0,0x0,0x0,0x0
Member Card,0x0,0x0,0x0,0x0,0x0,0x0,0x0,0x0,0,0,0,0,0,0x0,0,0,0x0,0x0,0x0,0,0x0,0x0,0x0
Silver Card,0x0,0x0,0x0,0x0,0x0,0x0,0x0,0x0,0,0,0,0,0,0x0,0,0,0x0,0x0,0x0,0,0x0,0x0,0x0
White Gem,0x0,0x0,0x0,0x0,0x0,0x0,0x0,0x0,0,0,0,0,0,0x0,0,0,0x0,0x0,0x0,0,0x0,0x0,0x0
Blue Gem,0x0,0x0,0x0,0x0,0x0,0x0,0x0,0x0,0,0,0,0,0,0x0,0,0,0x0,0x0,0x0,0,0x0,0x0,0x0
Red Gem,0x0,0x0,0x0,0x0,0x0,0x0,0x0,0x0,0,0,0,0,0,0x0,0,0,0x0,0x0,0x0,0,0x0,0x0,0x0
Gold,0x0,0x0,0x0,0x0,0x0,0x0,0x0,0x0,0,0,0,0,0,0x0,0,0,0x0,0x0,0x0,0,0x0,0x0,0x0
Reginleif,0x0,0x0,0x0,0x0,0x0,0x0,0x0,0x0,0,0,0,0,0,0x0,0,0,0x0,0x0,0x0,0,0x0,0x0,0x0
Chest Key (5),0x0,0x0,0x0,0x0,0x0,0x0,0x0,0x0,0,0,0,0,0,0x0,0,0,0x0,0x0,0x0,0,0x0,0x0,0x0
Mine (DUMMY),0x0,0x0,0x0,0x0,0x0,0x0,0x0,0x0,0,0,0,0,0,0x0,0,0,0x0,0x0,0x0,0,0x0,0x0,0x0
Light Rune (DUMMY),0x0,0x0,0x0,0x0,0x0,0x0,0x0,0x0,0,0,0,0,0,0x0,0,0,0x0,0x0,0x0,0,0x0,0x0,0x0
Hoplon Guard,0x0,0x0,0x0,0x0,0x0,0x0,0x0,0x0,0,0,0,0,0,0x0,0,0,0x0,0x0,0x0,0,0x0,0x0,0x0
Filla's Might (DUMMY),0x0,0x0,0x0,0x0,0x0,0x0,0x0,0x0,0,0,0,0,0,0x0,0,0,0x0,0x0,0x0,0,0x0,0x0,0x0
Ninis's Grace (DUMMY),0x0,0x0,0x0,0x0,0x0,0x0,0x0,0x0,0,0,0,0,0,0x0,0,0,0x0,0x0,0x0,0,0x0,0x0,0x0
Thor's Ire (DUMMY),0x0,0x0,0x0,0x0,0x0,0x0,0x0,0x0,0,0,0,0,0,0x0,0,0,0x0,0x0,0x0,0,0x0,0x0,0x0
Set's Litany (DUMMY),0x0,0x0,0x0,0x0,0x0,0x0,0x0,0x0,0,0,0,0,0,0x0,0,0,0x0,0x0,0x0,0,0x0,0x0,0x0
Shadowkiller,0x0,0x0,0x0,0x0,0x0,0x0,0x0,0x0,0,0,0,0,0,0x0,0,0,0x0,0x0,0x0,0,0x0,0x0,0x0
Bright Lance,0x0,0x0,0x0,0x0,0x0,0x0,0x0,0x0,0,0,0,0,0,0x0,0,0,0x0,0x0,0x0,0,0x0,0x0,0x0
Fiendcleaver,0x0,0x0,0x0,0x0,0x0,0x0,0x0,0x0,0,0,0,0,0,0x0,0,0,0x0,0x0,0x0,0,0x0,0x0,0x0
Beacon Bow,0x0,0x0,0x0,0x0,0x0,0x0,0x0,0x0,0,0,0,0,0,0x0,0,0,0x0,0x0,0x0,0,0x0,0x0,0x0
Sieglinde,0x0,0x0,0x0,0x0,0x0,0x0,0x0,0x0,0,0,0,0,0,0x0,0,0,0x0,0x0,0x0,0,0x0,0x0,0x0
Battle Axe,0x0,0x0,0x0,0x0,0x0,0x0,0x0,0x0,0,0,0,0,0,0x0,0,0,0x0,0x0,0x0,0,0x0,0x0,0x0
Ivaldi,0x0,0x0,0x0,0x0,0x0,0x0,0x0,0x0,0,0,0,0,0,0x0,0,0,0x0,0x0,0x0,0,0x0,0x0,0x0
Master Seal,0x0,0x0,0x0,0x0,0x0,0x0,0x0,0x0,0,0,0,0,0,0x0,0,0,0x0,0x0,0x0,0,0x0,0x0,0x0
Metis's Tome,0x0,0x0,0x0,0x0,0x0,0x0,0x0,0x0,0,0,0,0,0,0x0,0,0,0x0,0x0,0x0,0,0x0,0x0,0x0
Heaven Seal (DUMMY),0x0,0x0,0x0,0x0,0x0,0x0,0x0,0x0,0,0,0,0,0,0x0,0,0,0x0,0x0,0x0,0,0x0,0x0,0x0
Sharp Claw,0x0,0x0,0x0,0x0,0x0,0x0,0x0,0x0,0,0,0,0,0,0x0,0,0,0x0,0x0,0x0,0,0x0,0x0,0x0
Latona,0x0,0x0,0x0,0x0,0x0,0x0,0x0,0x0,0,0,0,0,0,0x0,0,0,0x0,0x0,0x0,0,0x0,0x0,0x0
Dragonspear,0x0,0x0,0x0,0x0,0x0,0x0,0x0,0x0,0,0,0,0,0,0x0,0,0,0x0,0x0,0x0,0,0x0,0x0,0x0
Vidofnir,0x0,0x0,0x0,0x0,0x0,0x0,0x0,0x0,0,0,0,0,0,0x0,0,0,0x0,0x0,0x0,0,0x0,0x0,0x0
Naglfar,0x0,0x0,0x0,0x0,0x0,0x0,0x0,0x0,0,0,0,0,0,0x0,0,0,0x0,0x0,0x0,0,0x0,0x0,0x0
Wretched Air,0x0,0x0,0x0,0x0,0x0,0x0,0x0,0x0,0,0,0,0,0,0x0,0,0,0x0,0x0,0x0,0,0x0,0x0,0x0
Audhulma,0x0,0x0,0x0,0x0,0x0,0x0,0x0,0x0,0,0,0,0,0,0x0,0,0,0x0,0x0,0x0,0,0x0,0x0,0x0
Siegmund,0x0,0x0,0x0,0x0,0x0,0x0,0x0,0x0,0,0,0,0,0,0x0,0,0,0x0,0x0,0x0,0,0x0,0x0,0x0
Garm,0x0,0x0,0x0,0x0,0x0,0x0,0x0,0x0,0,0,0,0,0,0x0,0,0,0x0,0x0,0x0,0,0x0,0x0,0x0
Nidhogg,0x0,0x0,0x0,0x0,0x0,0x0,0x0,0x0,0,0,0,0,0,0x0,0,0,0x0,0x0,0x0,0,0x0,0x0,0x0
Heavy Lance,0x0,0x0,0x0,0x0,0x0,0x0,0x0,0x0,0,0,0,0,0,0x0,0,0,0x0,0x0,0x0,0,0x0,0x0,0x0
Short Spear,0x0,0x0,0x0,0x0,0x0,0x0,0x0,0x0,0,0,0,0,0,0x0,0,0,0x0,0x0,0x0,0,0x0,0x0,0x0
Ocean Seal,0x0,0x0,0x0,0x0,0x0,0x0,0x0,0x0,0,0,0,0,0,0x0,0,0,0x0,0x0,0x0,0,0x0,0x0,0x0
Lunar Brace,0x0,0x0,0x0,0x0,0x0,0x0,0x0,0x0,0,0,0,0,0,0x0,0,0,0x0,0x0,0x0,0,0x0,0x0,0x0
Solar Brace,0x0,0x0,0x0,0x0,0x0,0x0,0x0,0x0,0,0,0,0,0,0x0,0,0,0x0,0x0,0x0,0,0x0,0x0,0x0
1G,0x0,0x0,0x0,0x0,0x0,0x0,0x0,0x0,0,0,0,0,0,0x0,0,0,0x0,0x0,0x0,0,0x0,0x0,0x0
5G,0x0,0x0,0x0,0x0,0x0,0x0,0x0,0x0,0,0,0,0,0,0x0,0,0,0x0,0x0,0x0,0,0x0,0x0,0x0
10G,0x0,0x0,0x0,0x0,0x0,0x0,0x0,0x0,0,0,0,0,0,0x0,0,0,0x0,0x0,0x0,0,0x0,0x0,0x0
50G,0x0,0x0,0x0,0x0,0x0,0x0,0x0,0x0,0,0,0,0,0,0x0,0,0,0x0,0x0,0x0,0,0x0,0x0,0x0
100G,0x0,0x0,0x0,0x0,0x0,0x0,0x0,0x0,0,0,0,0,0,0x0,0,0,0x0,0x0,0x0,0,0x0,0x0,0x0
3000G,0x0,0x0,0x0,0x0,0x0,0x0,0x0,0x0,0,0,0,0,0,0x0,0,0,0x0,0x0,0x0,0,0x0,0x0,0x0
5000G,0x0,0x0,0x0,0x0,0x0,0x0,0x0,0x0,0,0,0,0,0,0x0,0,0,0x0,0x0,0x0,0,0x0,0x0,0x0
Wind Sword,0x0,0x0,0x0,0x0,0x0,0x0,0x0,0x0,0,0,0,0,0,0x0,0,0,0x0,0x0,0x0,0,0x0,0x0,0x0
Vulnerary,0x0,0x0,0x0,0x0,0x0,0x0,0x0,0x0,0,0,0,0,0,0x0,0,0,0x0,0x0,0x0,0,0x0,0x0,0x0
Vulnerary (green note),0x0,0x0,0x0,0x0,0x0,0x0,0x0,0x0,0,0,0,0,0,0x0,0,0,0x0,0x0,0x0,0,0x0,0x0,0x0
Vulnerary (red note),0x0,0x0,0x0,0x0,0x0,0x0,0x0,0x0,0,0,0,0,0,0x0,0,0,0x0,0x0,0x0,0,0x0,0x0,0x0
Dance,0x0,0x0,0x0,0x0,0x0,0x0,0x0,0x0,0,0,0,0,0,0x0,0,0,0x0,0x0,0x0,0,0x0,0x0,0x0
Nightmare,0x0,0x0,0x0,0x0,0x0,0x0,0x0,0x0,0,0,0,0,0,0x0,0,0,0x0,0x0,0x0,0,0x0,0x0,0x0
Demon Stone (DUMMY),0x0,0x0,0x0,0x0,0x0,0x0,0x0,0x0,0,0,0,0,0,0x0,0,0,0x0,0x0,0x0,0,0x0,0x0,0x0
Demon Light,0x0,0x0,0x0,0x0,0x0,0x0,0x0,0x0,0,0,0,0,0,0x0,0,0,0x0,0x0,0x0,0,0x0,0x0,0x0
Ravager,0x0,0x0,0x0,0x0,0x0,0x0,0x0,0x0,0,0,0,0,0,0x0,0,0,0x0,0x0,0x0,0,0x0,0x0,0x0
Dragonstone,0x0,0x0,0x0,0x0,0x0,0x0,0x0,0x0,0,0,0,0,0,0x0,0,0,0x0,0x0,0x0,0,0x0,0x0,0x0
Demon Surge,0x0,0x0,0x0,0x0,0x0,0x0,0x0,0x0,0,0,0,0,0,0x0,0,0,0x0,0x0,0x0,0,0x0,0x0,0x0
Shadowshot,0x0,0x0,0x0,0x0,0x0,0x0,0x0,0x0,0,0,0,0,0,0x0,0,0,0x0,0x0,0x0,0,0x0,0x0,0x0
Rotten Claw,0x0,0x0,0x0,0x0,0x0,0x0,0x0,0x0,0,0,0,0,0,0x0,0,0,0x0,0x0,0x0,0,0x0,0x0,0x0
Fetid Claw,0x0,0x0,0x0,0x0,0x0,0x0,0x0,0x0,0,0,0,0,0,0x0,0,0,0x0,0x0,0x0,0,0x0,0x0,0x0
Poison Claw,0x0,0x0,0x0,0x0,0x0,0x0,0x0,0x0,0,0,0,0,0,0x0,0,0,0x0,0x0,0x0,0,0x0,0x0,0x0
Lethal Talon,0x0,0x0,0x0,0x0,0x0,0x0,0x0,0x0,0,0,0,0,0,0x0,0,0,0x0,0x0,0x0,0,0x0,0x0,0x0
Fiery Fang,0x0,0x0,0x0,0x0,0x0,0x0,0x0,0x0,0,0,0,0,0,0x0,0,0,0x0,0x0,0x0,0,0x0,0x0,0x0
Hellfang,0x0,0x0,0x0,0x0,0x0,0x0,0x0,0x0,0,0,0,0,0,0x0,0,0,0x0,0x0,0x0,0,0x0,0x0,0x0
Evil Eye,0x0,0x0,0x0,0x0,0x0,0x0,0x0,0x0,0,0,0,0,0,0x0,0,0,0x0,0x0,0x0,0,0x0,0x0,0x0
Crimson Eye,0x0,0x0,0x0,0x0,0x0,0x0,0x0,0x0,0,0,0,0,0,0x0,0,0,0x0,0x0,0x0,0,0x0,0x0,0x0
Stone,0x0,0x0,0x0,0x0,0x0,0x0,0x0,0x0,0,0,0,0,0,0x0,0,0,0x0,0x0,0x0,0,0x0,0x0,0x0
Aircalibur,0x0,0x0,0x0,0x0,0x0,0x0,0x0,0x0,0,0,0,0,0,0x0,0,0,0x0,0x0,0x0,0,0x0,0x0,0x0
Juna Fruit,0x0,0x0,0x0,0x0,0x0,0x0,0x0,0x0,0,0,0,0,0,0x0,0,0,0x0,0x0,0x0,0,0x0,0x0,0x0
150G,0x0,0x0,0x0,0x0,0x0,0x0,0x0,0x0,0,0,0,0,0,0x0,0,0,0x0,0x0,0x0,0,0x0,0x0,0x0
200G,0x0,0x0,0x0,0x0,0x0,0x0,0x0,0x0,0,0,0,0,0,0x0,0,0,0x0,0x0,0x0,0,0x0,0x0,0x0
Black Gem,0x0,0x0,0x0,0x0,0x0,0x0,0x0,0x0,0,0,0,0,0,0x0,0,0,0x0,0x0,0x0,0,0x0,0x0,0x0
Gold Gem,0x0,0x0,0x0,0x0,0x0,0x0,0x0,0x0,0,0,0,0,0,0x0,0,0,0x0,0x0,0x0,0,0x0,0x0,0x0
-,0x0,0x0,0x0,0x0,0x0,0x0,0x0,0x0,0,0,0,0,0,0x0,0,0,0x0,0x0,0x0,0,0x0,0x0,0x0
-,0x0,0x0,0x0,0x0,0x0,0x0,0x0,0x0,0,0,0,0,0,0x0,0,0,0x0,0x0,0x0,0,0x0,0x0,0x0
-,0x0,0x0,0x0,0x0,0x0,0x0,0x0,0x0,0,0,0,0,0,0x0,0,0,0x0,0x0,0x0,0,0x0,0x0,0x0
-,0x0,0x0,0x0,0x0,0x0,0x0,0x0,0x0,0,0,0,0,0,0x0,0,0,0x0,0x0,0x0,0,0x0,0x0,0x0
-,0x0,0x0,0x0,0x0,0x0,0x0,0x0,0x0,0,0,0,0,0,0x0,0,0,0x0,0x0,0x0,0,0x0,0x0,0x0
-,0x0,0x0,0x0,0x0,0x0,0x0,0x0,0x0,0,0,0,0,0,0x0,0,0,0x0,0x0,0x0,0,0x0,0x0,0x0
-,0x0,0x0,0x0,0x0,0x0,0x0,0x0,0x0,0,0,0,0,0,0x0,0,0,0x0,0x0,0x0,0,0x0,0x0,0x0
-,0x0,0x0,0x0,0x0,0x0,0x0,0x0,0x0,0,0,0,0,0,0x0,0,0,0x0,0x0,0x0,0,0x0,0x0,0x0
-,0x0,0x0,0x0,0x0,0x0,0x0,0x0,0x0,0,0,0,0,0,0x0,0,0,0x0,0x0,0x0,0,0x0,0x0,0x0
-,0x0,0x0,0x0,0x0,0x0,0x0,0x0,0x0,0,0,0,0,0,0x0,0,0,0x0,0x0,0x0,0,0x0,0x0,0x0
-,0x0,0x0,0x0,0x0,0x0,0x0,0x0,0x0,0,0,0,0,0,0x0,0,0,0x0,0x0,0x0,0,0x0,0x0,0x0
-,0x0,0x0,0x0,0x0,0x0,0x0,0x0,0x0,0,0,0,0,0,0x0,0,0,0x0,0x0,0x0,0,0x0,0x0,0x0
-,0x0,0x0,0x0,0x0,0x0,0x0,0x0,0x0,0,0,0,0,0,0x0,0,0,0x0,0x0,0x0,0,0x0,0x0,0x0
-,0x0,0x0,0x0,0x0,0x0,0x0,0x0,0x0,0,0,0,0,0,0x0,0,0,0x0,0x0,0x0,0,0x0,0x0,0x0
-,0x0,0x0,0x0,0x0,0x0,0x0,0x0,0x0,0,0,0,0,0,0x0,0,0,0x0,0x0,0x0,0,0x0,0x0,0x0
-,0x0,0x0,0x0,0x0,0x0,0x0,0x0,0x0,0,0,0,0,0,0x0,0,0,0x0,0x0,0x0,0,0x0,0x0,0x0
-,0x0,0x0,0x0,0x0,0x0,0x0,0x0,0x0,0,0,0,0,0,0x0,0,0,0x0,0x0,0x0,0,0x0,0x0,0x0
